How much did I spent on my mortage,Rent/Mortage
Did I pay off my mortage,Rent/Mortage
Loans,Rent/Mortage
Mortage,Rent/Mortage
Rent,Rent/Mortage
House rent,Rent/Mortage
House payments,Rent/Mortage
How much do I pay for living,Rent/Mortage
House bills,Rent/Mortage
Monthly house payments,Rent/Mortage
Rent payment,Rent/Mortage
Loan,Rent/Mortage
Hypotheek,Rent/Mortage
ING Bank,Rent/Mortage
ABN Amro,Rent/Mortage
Rabobank,Rent/Mortage
Bank,Rent/Mortage
How much did I spent on rent,Rent/Mortage
How much did I pay for rent,Rent/Mortage
Housing,Rent/Mortage
How many times did I pay for electricity,Utilities
How much did I pay on energy bills,Utilities
Energy,Utilities
Electricity,Utilities
Lights,Utilities
Gas,Utilities
Water,Utilities
How much did I pay for water,Utilities
Did I pay for electricity,Utilities
Utilities,Utilities
Waterworks,Utilities
Eneco,Utilities
Essent,Utilities
Energy Bill,Utilities
Monthly payments for electricity,Utilities
Lights,Utilities
Gas bill,Utilities
Electricity Payments,Utilities
Light Payments,Utilities
Payments for gas,Utilities
Water payments,Utilities
How often did I shop,Shopping
How often did I do shopping,Shopping
Purchases,Shopping
Orders,Shopping
Videogames,Shopping
Shoes,Shopping
Clothing,Shopping
Clothes,Shopping
Merchandise,Shopping
Music,Shopping
Buying,Shopping
Black friday,Shopping
Discount,Shopping
Purchasing goods,Shopping
Buying goods,Shopping
Buying products,Shopping
Buying music,Shopping
Purchasing music,Shopping
Online purchases,Shopping
Your order,Shopping
Your orders,Shopping
Skateboarding,Shopping
Jackets,Shopping
T-shirts,Shopping
Shirts,Shopping
Hoodies,Shopping
Sweaters,Shopping
Nintendo,Shopping
XBox,Shopping
Playstation,Shopping
Games,Shopping
DVD,Shopping
Blu Rays,Shopping
Blu-ray,Shopping
Jewelry,Shopping
How much did I spent on buying goods,Shopping
Gamemania,Shopping
Titus,Shopping
Adidas,Shopping
Thrasher,Shopping
Santa Cruz,Shopping
Shoppings,Shopping
Your order has been sent,Shopping
Purchase,Shopping
Shopping Cart,Shopping
How many times did I buy clothes,Shopping
Books,Shopping
Magazines,Shopping
How many times did I transfer money,Transfers
Bank transfers,Transfers
Money transfers,Transfers
Sending money,Transfers
"M, Appello",Transfers
L. Boonstra,Transfers
Account number,Transfers
Bank transfering,Transfers
Credit transfering,Transfers
Sending credit,Transfers
Paying friends,Transfers
Sendings some money,Transfers
Direct transfers,Transfers
How much did I spend on restaurants?,Restaurants
How many times that I ate out?,Restaurants
Eating out,Restaurants
Dinners,Restaurants
Pizza,Restaurants
Diner,Restaurants
How often did I go to restaurants?,Restaurants
Restaurant,Restaurants
Steakhouse,Restaurants
Pizzeria,Restaurants
McDonalds,Restaurants
Burger King,Restaurants
Kentucky Fried Chicken,Restaurants
Pancakes,Restaurants
Shoarma,Restaurants
Rest.,Restaurants
Kitchen,Restaurants
Tip,Restaurants
Table Reservations,Restaurants
How often did I eat out,Restaurants
Server,Restaurants
Waiter,Restaurants
Waitress,Restaurants
Cafetaria,Restaurants
Inn,Restaurants
How much have I spent on Taxis,Taxis
How much have I spent on Ubers,Taxis
Did I spent money on Uber,Taxis
Thanks for riding Uber!,Taxis
Uber Thanks for riding,Taxis
Uber,Taxis
Taxi Amsterdam,Taxis
Thanks for choosing Uber,Taxis
Uber.com,Taxis
Uber Price Out,Taxis
Uber Fare,Taxis
How many times did I choose Uber,Taxis
Uber Receipt,Taxis
Uber Bills,Taxis
Riding with Uber,Taxis
How much have I spent on Lyft,Taxis
Riding with Lyft,Taxis
Lyft.com,Taxis
Lyft Payment,Taxis
Lyft Total Payment,Taxis
Ride History Lyft,Taxis
Taxi Amsterdam,Taxis
Taxi Rotterdam,Taxis
Taxi Centrale,Taxis
Taxi Melody,Taxis
Airport Taxi,Taxis
Airport taxi service,Taxis
taxi service,Taxis
020 Taxi,Taxis
How often did I take a taxi,Taxis
How often did I take Ubers,Taxis
How many times did I ride with Lyft,Taxis
ViaVan,Taxis
Driving taxi,Taxis
Pick up by a taxi,Taxis
Lyft Bill,Taxis
Uber Bills,Taxis
Show me all Uber receipts,Taxis
Uber expenses,Taxis
Lyft expenses,Taxis
Spend on taxis,Taxis
Spends on Ubers,Taxis
Spends on Lyft,Taxis
ViaVan rides,Taxis
Lift Taxi,Taxis
Lyft.com,Taxis
Taxy Melodi,Taxis
Uber Van,Taxis
How much money did I spend on taxis last month?,Taxis
How much money on taxis,Taxis
How much did I spent on public transport,Public Transport
How often did I take the train,Public Transport
How much did I spent on trains,Public Transport
How much did I spent on busses,Public Transport
How much did I spent on metros,Public Transport
Train,Public Transport
NS,Public Transport
Trains,Public Transport
Intercity,Public Transport
Thalys,Public Transport
Metro,Public Transport
Tram,Public Transport
How much did I spent on trams,Public Transport
Trams,Public Transport
Underground,Public Transport
Public Transport,Public Transport
How often did I take the tram,Public Transport
How often did I take the bus,Public Transport
Bus,Public Transport
GVB,Public Transport
Local train,Public Transport
International Train,Public Transport
NS International,Public Transport
NMBS,Public Transport
Bahn,Public Transport
NS.nl,Public Transport
Bart,Public Transport